professor,pid
Alexandre Plastino de Carvalho,54/401
Antonio Augusto de Aragao Rocha,209/2422
Celso da Cruz Carneiro Ribeiro,26/4167
Diego Gimenez Passos,47/4581
Débora Christina Muchaluat Saade,21/5891
Debora Christina Muchaluat Saade,21/5891
Eugene Francis Vinod Rebello,79/2476
Flavia Cristina Bernardini,88/5413
Flavio Luiz Seixas,66/4837
Isabel Cristina Mello Rosseti,42/6628
Leandro Santiago de Araujo,230/3564
Luís Felipe Ignácio Cunha,117/3901
Marcos Vinícius Naves Bêdo,133/1121
Marcos de Oliveira Lage Ferreira,46/4560
Pedro Cortez Fetter Lopes,306/6510